{
  "formatVersion": 1,
  "database": {
    "version": 1,
    "identityHash": "5cb8ba2474f8cf41e512c3b4ebcf6c18",
    "entities": [
      {
        "tableName": "AnimalFact",
        "createSql": "CREATE TABLE IF NOT EXISTS `${TABLE_NAME}` (`id` TEXT NOT NULL, `createdAt` TEXT NOT NULL, `deleted` INTEGER NOT NULL, `source` TEXT NOT NULL, `text` TEXT NOT NULL, `type` TEXT NOT NULL, `updatedAt` TEXT NOT NULL, `used` INTEGER NOT NULL, `user` TEXT NOT NULL, `v` INTEGER NOT NULL, `sentCount` INTEGER NOT NULL, `verified` INTEGER NOT NULL, PRIMARY KEY(`id`))",
        "fields": [
          {
            "fieldPath": "id",
            "columnName": "id",
            "affinity": "TEXT",
            "notNull": true
          },
          {
            "fieldPath": "createdAt",
            "columnName": "createdAt",
            "affinity": "TEXT",
            "notNull": true
          },
          {
            "fieldPath": "deleted",
            "columnName": "deleted",
            "affinity": "INTEGER",
            "notNull": true
          },
          {
            "fieldPath": "source",
            "columnName": "source",
            "affinity": "TEXT",
            "notNull": true
          },
          {
            "fieldPath": "text",
            "columnName": "text",
            "affinity": "TEXT",
            "notNull": true
          },
          {
            "fieldPath": "type",
            "columnName": "type",
            "affinity": "TEXT",
            "notNull": true
          },
          {
            "fieldPath": "updatedAt",
            "columnName": "updatedAt",
            "affinity": "TEXT",
            "notNull": true
          },
          {
            "fieldPath": "used",
            "columnName": "used",
            "affinity": "INTEGER",
            "notNull": true
          },
          {
            "fieldPath": "user",
            "columnName": "user",
            "affinity": "TEXT",
            "notNull": true
          },
          {
            "fieldPath": "v",
            "columnName": "v",
            "affinity": "INTEGER",
            "notNull": true
          },
          {
            "fieldPath": "status.sentCount",
            "columnName": "sentCount",
            "affinity": "INTEGER",
            "notNull": true
          },
          {
            "fieldPath": "status.verified",
            "columnName": "verified",
            "affinity": "INTEGER",
            "notNull": true
          }
        ],
        "primaryKey": {
          "columnNames": [
            "id"
          ],
          "autoGenerate": false
        },
        "indices": [],
        "foreignKeys": []
      }
    ],
    "views": [],
    "setupQueries": [
      "CREATE TABLE IF NOT EXISTS room_master_table (id INTEGER PRIMARY KEY,identity_hash TEXT)",
      "INSERT OR REPLACE INTO room_master_table (id,identity_hash) VALUES(42, '5cb8ba2474f8cf41e512c3b4ebcf6c18')"
    ]
  }
}